{
	"partitions" : [
		{
			"name" : "Top",
			"pins" : [
				{
					"name" : "display_unidades[0]",
					"strict" : false
				},
				{
					"name" : "display_unidades[1]",
					"strict" : false
				},
				{
					"name" : "display_unidades[2]",
					"strict" : false
				},
				{
					"name" : "display_unidades[3]",
					"strict" : false
				},
				{
					"name" : "display_unidades[4]",
					"strict" : false
				},
				{
					"name" : "display_unidades[5]",
					"strict" : false
				},
				{
					"name" : "display_unidades[6]",
					"strict" : false
				},
				{
					"name" : "display_decenas[0]",
					"strict" : false
				},
				{
					"name" : "display_decenas[1]",
					"strict" : false
				},
				{
					"name" : "display_decenas[2]",
					"strict" : false
				},
				{
					"name" : "display_decenas[3]",
					"strict" : false
				},
				{
					"name" : "display_decenas[4]",
					"strict" : false
				},
				{
					"name" : "display_decenas[5]",
					"strict" : false
				},
				{
					"name" : "display_decenas[6]",
					"strict" : false
				},
				{
					"name" : "clc",
					"strict" : false
				},
				{
					"name" : "countSelect",
					"strict" : false
				},
				{
					"name" : "button",
					"strict" : false
				},
				{
					"name" : "clk",
					"strict" : false
				}
			]
		}
	]
}