{
	"partitions" : [
		{
			"name" : "Top",
			"pins" : [
				{
					"name" : "result[0]",
					"strict" : false
				},
				{
					"name" : "result[1]",
					"strict" : false
				},
				{
					"name" : "result[2]",
					"strict" : false
				},
				{
					"name" : "result[3]",
					"strict" : false
				},
				{
					"name" : "result[4]",
					"strict" : false
				},
				{
					"name" : "result[5]",
					"strict" : false
				},
				{
					"name" : "result[6]",
					"strict" : false
				},
				{
					"name" : "display[0]",
					"strict" : false
				},
				{
					"name" : "display[1]",
					"strict" : false
				},
				{
					"name" : "display[2]",
					"strict" : false
				},
				{
					"name" : "display[3]",
					"strict" : false
				},
				{
					"name" : "display[4]",
					"strict" : false
				},
				{
					"name" : "display[5]",
					"strict" : false
				},
				{
					"name" : "display[6]",
					"strict" : false
				},
				{
					"name" : "clc",
					"strict" : false
				},
				{
					"name" : "countSelect",
					"strict" : false
				},
				{
					"name" : "button",
					"strict" : false
				},
				{
					"name" : "clk",
					"strict" : false
				}
			]
		}
	]
}